Username,Password,Email,Will
admin,admin,admin,1
BADimov21,FAKEPASS123,BADimov21@codingburgas.bg,1
Tedo,Tedo,TDTanev21@codingburgas.bg,1
GSRadev21,1234,GSRadev21@codingburgas.bg,1
BozhidarDimov,Manqka1234,admin@example.com0
BADimov211,Bozhidar1234,admin@example.edu0
Bratle,Bratle123,admin@example.bg,1
BROSKI,Broski123,a@example.com,1

MANQKA,Manqka123,a@example.ru,1
MAZNA,Mazna123,mazna@gmail.com,1
BEZOBRAZNA,Bezobrazna123,bezobrazna@gmail.com,1
